Date,USD,EUR,FX,FXBasis,USDOIS,EUROIS,ESTROIS
2018-01-01,2.5395,,1.2012,,,,
2018-01-02,2.602,1.542,1.2059,-19.75,37.375,7.4,15.8192
2018-01-03,2.5838,1.5157,1.2015,-21,37,7.4,16.1315
2018-01-04,2.5848,1.49,1.2068,-21.625,36.5,7.3,15.8425
2018-01-05,2.6109,1.5063,1.2029,-20.125,36.625,7,15.6578
2018-01-08,2.61,1.499,1.1967,-19.875,36.375,7,15.5315
2018-01-09,2.693,1.544,1.1937,-20.375,36.125,7,15.9205
2018-01-10,2.6861,1.552,1.1948,-19.875,36.375,6.9,15.3145
2018-01-11,2.6602,1.559,1.2032,-18.625,36.13,7.1,15.8444
2018-01-12,2.6545,1.55,1.2202,-18.375,36.13,7,16.1567
2018-01-15,2.6575,1.558,1.2264,-18.125,,7,15.6507
2018-01-16,2.649,1.5225,1.226,-18.5,36.375,6.95,15.1493
2018-01-17,2.6921,1.5155,1.2186,-18.125,36.375,7,15.749
2018-01-18,2.7415,1.538,1.2238,-17.25,36.875,7,15.5781
2018-01-19,2.8293,1.556,1.2222,-17.125,36.5,7,15.5337
2018-01-22,2.8026,1.5561,1.2262,-16.875,36.25,7,15.5485
2018-01-23,2.76,1.547,1.2299,-15.875,36.5,7,15.5658
2018-01-24,2.7887,1.5625,1.2408,-15.625,36.75,7.1,15.7178
2018-01-25,2.7295,1.5385,1.2396,-15.25,37,7.1,15.3
2018-01-26,2.7712,1.52,1.2427,-15.5,37.375,7.1,15.8458
2018-01-29,2.8035,1.571,1.2383,-15.875,37.75,7.1,15.6759
2018-01-30,2.8244,1.5815,1.2402,-15.75,37.5625,7.2,15.9164
2018-01-31,2.8127,1.556,1.2414,-15.25,37.5,7.2,15.8014
2018-02-01,2.9023,1.587,1.251,-14.25,38.25,7.2,15.3392
2018-02-02,2.9523,1.6175,1.2463,-13,38.25,7.2,14.4375
2018-02-05,2.83,1.608,1.2367,-11.875,39.1875,7.1,15.7055
2018-02-06,2.9163,1.583,1.2377,-11.75,39.75,7,15.6137
2018-02-07,2.9592,1.6005,1.2264,-10.625,40.75,7.1,15.32
2018-02-08,2.9518,1.6038,1.2247,-9.625,42.5,7.2,15.3455
2018-02-09,2.9733,1.609,1.2252,-10.125,43.5,7.3,15.0682
2018-02-12,2.9771,1.651,1.2292,-10.375,42.25,7.5,16.5786
2018-02-13,2.9336,1.653,1.2352,-11.25,40.625,7.7,15.7685
2018-02-14,2.9997,1.6735,1.2451,-11.5,41,7.7,16.4953
2018-02-15,3.0032,1.685,1.2506,-11.75,41.125,7.7,16.3901
2018-02-16,2.9793,1.6435,1.2406,-11.625,41.25,7.7,16.597
2018-02-19,2.9794,1.677,1.2407,-11.625,41.25,7.7,16.2603
2018-02-20,2.9885,1.681,1.2337,-11.25,41.5,7.7,16.0548
2018-02-21,3.0581,1.657,1.2284,-10,41.375,7.7,16.5384
2018-02-22,3.0337,1.659,1.233,-9.25,40.625,7.8,16.2975
2018-02-23,2.9692,1.615,1.2295,-8.5,39.875,8.1,16.1578
2018-02-26,2.9536,1.6117,1.2317,-7.75,40.125,8,16.4521
2018-02-27,2.9845,1.622,1.2233,-7.5,40.125,8,16.8384
2018-02-28,2.9463,1.6035,1.2194,-8.625,39.875,7.8,15.963
2018-03-01,2.8964,1.595,1.2267,-8.75,39.25,7.9,16.4753
2018-03-02,2.9575,1.5975,1.2317,-8.875,38.875,7.9,16.1959
2018-03-05,2.9655,1.6217,1.2336,-8.25,39.25,7.9,17.2877
2018-03-06,2.977,1.618,1.2404,-7.375,39.75,7.9,16.1932
2018-03-07,2.9799,1.589,1.2411,-7,39.75,8.1,16.4329
2018-03-08,2.9645,1.57,1.2312,-6.5,40.75,8.1,16.7836
2018-03-09,2.9985,1.584,1.2307,-5,43,8.1,16.8397
2018-03-12,2.9788,1.576,1.2334,-4.125,46,8.3,16.6507
2018-03-13,2.9611,1.575,1.239,-3.875,49.375,9.1,17.4055
2018-03-14,2.9201,1.557,1.2368,-5.125,48,9.5,18.2315
2018-03-15,2.9188,1.53,1.2305,-6.125,43.875,9.8,18.4192
2018-03-16,2.9425,1.53,1.229,-6.125,45.125,9.8,18.5142
2018-03-19,2.945,1.5262,1.2335,-6.5,44.625,9.4,18.1986
2018-03-20,2.9832,1.529,1.2242,-6.375,44.5,9.5,18.1192
2018-03-21,2.9788,1.532,1.2338,-5.25,44.625,9.5,17.8644
2018-03-22,2.92,1.5022,1.2302,-6.25,44.25,9.6,18.2041
2018-03-23,2.906,1.504,1.2353,-7,44.25,10.2,18.557
2018-03-26,2.9365,1.499,1.2444,-6.751,44.5,10,18.549
2018-03-27,2.8585,1.4717,1.2403,-6.625,43.5,10.1,18.5699
2018-03-28,2.86,1.478,1.2308,-6.875,43.25,10.3,19.0356
2018-03-29,2.822,1.4825,1.23,-7,43.625,10.5,18.6808
2018-03-30,2.8237,1.484,1.2324,-7,43.625,,
2018-04-02,2.8064,,1.2302,,43.637,10.5,
2018-04-03,2.8503,1.476,1.227,-7.5,44.25,10.5,19.1397
2018-04-04,2.8808,1.467,1.2278,-8.125,44.25,10.5,18.9521
2018-04-05,2.9172,1.495,1.224,-8.375,44.75,10.5,18.7151
2018-04-06,2.8595,1.479,1.2281,-7.75,45,10.55,19.1616
2018-04-09,2.8551,1.479,1.2321,-7.75,44.88,10.7,19.7123
2018-04-10,2.8794,1.4672,1.2356,-8.5,44.75,10.7,19.3315
2018-04-11,2.8685,1.458,1.2367,-9.125,45.125,10.6,19.0699
2018-04-12,2.9198,1.4857,1.2327,-8.75,45.125,10.3,18.6512
2018-04-13,2.8982,1.48,1.2331,-8.5,45.75,10.3,18.7397
2018-04-16,2.8933,1.493,1.238,-8.75,45.75,10.3,19.117
2018-04-17,2.8958,1.468,1.237,-8.125,45.375,10.3,18.4562
2018-04-18,2.9265,1.4762,1.2374,-8.125,45.125,10,18.5156
2018-04-19,2.9662,1.519,1.2345,-8.375,45.875,9.9,18.337
2018-04-20,3.0236,1.541,1.2288,-8.25,45.5,9.9,18.0068
2018-04-23,3.0182,1.558,1.2209,-8.5,46,9.6,18.2575
2018-04-24,3.0517,1.5495,1.2233,-8,45.875,9.5,17.9699
2018-04-25,3.0847,1.565,1.2161,-7.5,45.88,9.4,17.9
2018-04-26,3.0451,1.534,1.2103,-7.5,45.875,9.4,17.3658
2018-04-27,3.015,1.524,1.213,-7.25,45.625,9.3,17.6808
2018-04-30,3.0168,1.521,1.2078,-6.875,45.5,9.3,17.3849
2018-05-01,3.0176,1.5262,1.1993,-6.75,45.5,,
2018-05-02,3.0313,1.541,1.1951,-6,45.5,9.3,17.9068
2018-05-03,3.0065,1.516,1.1988,-5,45.875,9.3,18.1397
2018-05-04,3.0102,1.5142,1.196,-4.625,45.75,9.3,17.6671
2018-05-07,3.0163,1.5,1.1922,,45.75,9.3,18.0616
2018-05-08,3.03,1.532,1.1864,-3.875,45.375,9.3,17.5622
2018-05-09,3.0597,1.539,1.1851,-3.375,45.25,9.3,17.9068
2018-05-10,3.0286,1.534,1.1915,-2.875,45,9.6,17.9884
2018-05-11,3.014,1.5405,1.1943,-2.75,43.5,9.6,18.5048
2018-05-14,3.0459,1.5645,1.1927,-2.25,42.375,9.6,17.9219
2018-05-15,3.124,1.606,1.1838,-2.875,42.375,9.9,18.6644
2018-05-16,3.1435,1.599,1.1808,-2.375,42.625,10,19.2726
2018-05-17,3.1627,1.628,1.1795,-2.375,43,9.95,18.6329
2018-05-18,3.117,1.591,1.1772,-2.625,42.75,10.1,18.5836
2018-05-21,3.1197,1.571,1.1791,-3.125,43.125,10.4,18.911
2018-05-22,3.109,1.5873,1.1779,-2.625,43.125,10.4,19.1693
2018-05-23,3.0522,1.577,1.1697,-2.625,43.625,10.5,19.2767
2018-05-24,3.0285,1.5355,1.172,-2.624,43.375,10.475,18.7181
2018-05-25,2.9983,1.51,1.1651,-3,43,10.75,19.7411
2018-05-28,,1.4715,1.1625,,,10.7,18.7438
2018-05-29,2.867,1.454,1.154,-2.875,43.875,11.1,19.0932
2018-05-30,2.9265,1.5046,1.1665,-2.375,44.25,11.1,19.8085
2018-05-31,2.9382,1.4657,1.1693,-2.125,45,11.0005,18.3767
2018-06-01,2.976,1.49,1.1659,-2,45.125,10.4,18.6389
2018-06-04,3.012,1.517,1.1699,-1.5,45.25,10.1,18.7822
2018-06-05,3.007,1.513,1.1718,-2.375,45.1875,10.0995,18.7384
2018-06-06,3.04,1.5715,1.1774,-2.625,45.125,10.225,19.3068
2018-06-07,2.9964,1.5682,1.18,-2.75,45,10.6,19.5258
2018-06-08,3.0218,1.5425,1.1769,-3.5,45.125,10.9,19.4959
2018-06-11,3.0305,1.559,1.1784,-3.5,45,10.7,19.074
2018-06-12,3.0365,1.5455,1.1745,-2.5,44.125,10.5,19.0425
2018-06-13,3.0342,1.5395,1.1791,-2.375,44,10.2,18.9507
2018-06-14,3.0009,1.5419,1.1568,-1,43.75,9.8,18.4973
2018-06-15,2.9847,1.529,1.161,-0.5,43.375,10.1,17.6348
2018-06-18,2.9887,1.5365,1.1623,-1.5,43.125,10.1,18.3597
2018-06-19,2.972,1.488,1.159,-1.25,43.5,10.3,19.0712
2018-06-20,3.0087,1.512,1.1572,0.375,43.25,10.3,19.0384
2018-06-21,2.97,1.505,1.1604,0.125,43,10.5,18.8479
2018-06-22,2.9688,1.5145,1.1651,0.125,43.375,10.3,18.8342
2018-06-25,2.953,1.511,1.1704,0.5,43.25,10.2,19.289
2018-06-26,2.958,1.52,1.1648,0.75,43.125,10.15,18.5253
2018-06-27,2.9086,1.485,1.1554,0.499,44,10.2,17.8479
2018-06-28,2.9117,1.468,1.1569,0.25,44.25,10.2,18.9699
2018-06-29,2.933,1.4555,1.1684,1,44.3125,10.3,19.1123
2018-07-02,2.941,1.465,1.1639,3.25,44.5,10.3,18.8493
2018-07-03,2.9067,1.453,1.1658,4.125,44.25,10.25,18.9151
2018-07-04,2.907,1.4655,1.1657,4.5,44.25,10.2,18.3493
2018-07-05,2.9025,1.446,1.1691,4.125,44,10.35,18.1767
2018-07-06,2.8907,1.456,1.1746,2.625,43.88,10.6,19.2877
2018-07-09,2.9312,1.462,1.1751,0.5,44.13,10.7,19.0548
2018-07-10,2.9261,1.4785,1.1744,0.625,43.75,10.6,19.1315
2018-07-11,2.9215,1.4717,1.1674,1.5,43.75,10.725,18.9658
2018-07-12,2.9161,1.475,1.1672,1.625,43.75,10.85,19.4863
2018-07-13,2.8966,1.471,1.1685,1.625,43.75,11.5,19.8918
2018-07-16,2.917,1.4825,1.1711,1.125,43.5,11.2,19.726
2018-07-17,2.9246,1.469,1.1661,0.125,43.375,11.4,19.9945
2018-07-18,2.942,1.467,1.1639,0.375,42.375,11.65,20.2959
2018-07-19,2.9115,1.457,1.1642,0.375,41.875,11.675,19.8082
2018-07-20,2.9637,1.4899,1.1724,0.875,41.75,11.675,20.4074
2018-07-23,3.014,1.509,1.1692,0.25,41.5,11.8,20.3877
2018-07-24,3.0075,1.4892,1.1687,-0.375,40.5,11.7,19.9348
2018-07-25,3.0325,1.478,1.1729,-0.125,40.5,11.6,19.7795
2018-07-26,3.0306,1.5,1.1643,-1,39.625,11.3,20.1973
2018-07-27,3.0265,1.5005,1.1657,-1.125,39.5,11.4,19.7945
2018-07-30,3.053,1.5259,1.1706,-0.875,39.625,11.3,20.1047
2018-07-31,3.0392,1.5202,1.1691,-1.125,40.25,11.3,19.4425
2018-08-01,3.0876,1.542,1.166,-1.125,40.75,11.325,19.8384
2018-08-02,3.0724,1.5352,1.1585,-0.5,40.5,11.3,19.4233
2018-08-03,3.045,1.5067,1.1568,-0.375,40.625,11.35,19.7877
2018-08-06,3.0398,1.494,1.1554,-0.25,40.625,11.4,20.0548
2018-08-07,3.0584,1.509,1.1599,-0.625,40.375,11.4,19.9342
2018-08-08,3.0433,1.517,1.161,-0.875,39.75,11.325,20.0233
2018-08-09,3.0073,1.5082,1.1527,-0.5,39.625,11.4,19.9603
2018-08-10,2.963,1.466,1.1413,-0.625,39.375,11.5,20.0932
2018-08-13,2.9729,1.4624,1.141,-0.625,38.875,11.6,19.643
2018-08-14,3.0004,1.4733,1.1344,-0.375,39.375,11.625,20.2132
2018-08-15,2.9598,1.458,1.1345,0,39.375,11.7,20.4041
2018-08-16,2.9595,1.458,1.1377,0,39.75,11.7,19.4041
2018-08-17,2.958,1.451,1.1438,-0.125,39.75,11.775,20.2137
2018-08-20,2.9243,1.4521,1.1482,0,39.875,11.7,20.1468
2018-08-21,2.9288,1.4685,1.1571,0.125,39.375,11.7,20.1397
2018-08-22,2.9244,1.4601,1.1597,-0.125,39.5,11.7,20.0112
2018-08-23,2.9257,1.468,1.154,-0.375,39.25,11.6,19.7904
2018-08-24,2.9123,1.4685,1.1622,-1,,11.5,19.8904
2018-08-27,2.9465,1.487,1.1678,,39.307,11.5,20.0201
2018-08-28,2.9797,1.496,1.1695,-1.75,39.75,11.35,19.8126
2018-08-29,2.9735,1.509,1.1707,-2.25,39.875,11,19.4948
2018-08-30,2.9542,1.481,1.1671,-2.75,40,11.275,20.1233
2018-08-31,2.9603,1.468,1.1602,-1.5,40.25,11,19.8411
2018-09-03,2.9606,1.4712,1.1619,-0.625,,11,19.411
2018-09-04,2.9947,1.48,1.1582,-0.25,40.4375,11,19.774
2018-09-05,3.0026,1.4905,1.163,-0.25,38.875,10.7,19.1096
2018-09-06,2.9777,1.481,1.1623,-0.625,36.5,10.5,19.0726
2018-09-07,3.0328,1.4977,1.1553,-0.5,36.75,10.1,18.0493
2018-09-10,3.0137,1.517,1.1594,0.375,37.25,9.9,18.6712
2018-09-11,3.059,1.534,1.1606,0.625,36.63,9.5,17.9959
2018-09-12,3.0409,1.524,1.1626,0.125,35.875,9.1,17.5589
2018-09-13,3.0475,1.5277,1.169,1,35,9,17.9767
2018-09-14,3.069,1.536,1.1625,0.75,35,8.8,17.3932
2018-09-17,3.0663,1.5382,1.1683,0.875,34.375,8.5,17.3164
2018-09-18,3.1292,1.553,1.1667,1.375,33.25,8.2,16.5677
2018-09-19,3.1355,1.5662,1.1673,1.5,33.75,7.9,16.2288
2018-09-20,3.1359,1.564,1.1777,1.375,34.75,8.25,17.2068
2018-09-21,3.1351,1.556,1.1749,0.125,34.625,8.3,16.6685
2018-09-24,3.1565,1.565,1.1748,-0.625,34.625,8.3,16.2562
2018-09-25,3.1583,1.5942,1.1767,-0.375,35,8.3,16.8918
2018-09-26,3.1195,1.5685,1.1739,-0.5,34.875,8.1,16.2027
2018-09-27,3.1215,1.5562,1.1641,-1,34.5,7.925,16.4896
2018-09-28,3.1332,1.5365,1.1604,-0.375,34.25,8.1,16.4192
2018-10-01,3.1552,1.5607,1.1578,0.25,34,8.4,17.5307
2018-10-02,3.1404,1.5355,1.1548,0.875,34.375,8.6,17.1452
2018-10-03,3.2451,1.557,1.1478,1.625,34,8.45,17.2164
2018-10-04,3.2558,1.581,1.1514,2,33.625,8.4005,16.8836
2018-10-05,3.2966,1.624,1.1524,1.75,33,8.6,16.9242
2018-10-08,,1.612,1.1492,1.75,33,8.8,17.2164
2018-10-09,3.2715,1.607,1.1491,2.25,33.25,8.8,17.3219
2018-10-10,3.238,1.611,1.152,2.0625,33.88,8.6,17.2961
2018-10-11,3.2251,1.5955,1.1593,1.625,34.5,8.6,17.4877
2018-10-12,3.2327,1.5825,1.156,1.375,34.625,8.5,16.8808
2018-10-15,3.2395,1.596,1.1579,2,35.5,8.5,16.9123
2018-10-16,3.252,1.5765,1.1574,2.0625,36.375,8.6,17.2384
2018-10-17,3.293,1.5592,1.1501,1.75,36.875,8.1,16.9877
2018-10-18,3.2818,1.543,1.1453,2.125,38.125,8.4,16.1096
2018-10-19,3.2947,1.542,1.1514,2.5,38,8.275,15.5356
2018-10-22,3.2969,1.546,1.1464,2.5,37,8.525,17.3808
2018-10-23,3.2783,1.525,1.1471,2.25,36.75,8.6,17.5137
2018-10-24,3.2284,1.525,1.1392,2.625,37.125,8.8,17.4158
2018-10-25,3.2413,1.525,1.1375,2.375,37.5,8.8,17.0658
2018-10-26,3.2004,1.4995,1.1403,2.125,37,8.7,18.1
2018-10-29,3.216,1.511,1.1373,1.5,36.75,8.6,17.0849
2018-10-30,3.2524,1.504,1.1345,1.125,37.375,8.6,17.0945
2018-10-31,3.2778,1.507,1.1312,1,36.75,8.3,16.8904
2018-11-01,3.2675,1.5152,1.1408,1.5,37,8.3,16.6021
2018-11-02,3.3405,1.532,1.1388,1.625,36.875,8,16.7485
2018-11-05,3.3188,1.518,1.1407,1.125,36.5,8,16.3219
2018-11-06,3.3389,1.5257,1.1427,0.125,36.25,8,16.6356
2018-11-07,3.3395,1.5377,1.1426,0.5,36.25,7.9,16.9192
2018-11-08,3.3385,1.5385,1.1363,0.625,35.5,8.05,16.7432
2018-11-09,3.292,1.517,1.1336,0.625,35.5,7.9,16.2726
2018-11-12,3.2905,1.518,1.1218,0.375,35.375,7.9,16.4712
2018-11-13,3.2575,1.513,1.129,1.125,35.5,8,16.1274
2018-11-14,3.2651,1.515,1.131,1.75,35.625,8,16.4733
2018-11-15,3.2562,1.5007,1.1328,2.75,36.75,7.975,16.0129
2018-11-16,3.2087,1.5025,1.1415,3,36.875,8,16.5904
2018-11-19,3.2051,1.5065,1.1454,3.875,37,7.9,16.3342
2018-11-20,3.2059,1.484,1.137,3.5,37,8,16.6151
2018-11-21,3.2089,1.4883,1.1384,3.625,37.25,7.8,16.5293
2018-11-22,3.209,1.482,1.1403,3.125,,7.6,16.1277
2018-11-23,3.193,1.467,1.1337,3.25,37.625,7.6,16.5482
2018-11-26,3.1966,1.4745,1.1328,4,37.75,7.6,16.4781
2018-11-27,3.19,1.4762,1.1289,3.75,33.875,7.4,16
2018-11-28,3.1859,1.483,1.1366,3.625,34.375,7.6,16.0777
2018-11-29,3.1625,1.466,1.1393,3.875,33.125,7.625,16.3932
2018-11-30,3.1339,1.4585,1.1317,3.25,33.25,7.5,15.8055
2018-12-03,3.1164,1.4532,1.1354,3,33.63,7.4005,15.9397
2018-12-04,3.0527,1.398,1.1343,3.5,33.5,7.575,15.3447
2018-12-05,3.052,1.4315,1.1344,4.125,33.5,7.7,16.0945
2018-12-06,3.0458,1.408,1.1374,4.625,34.125,8.125,15.9283
2018-12-07,2.99,1.4125,1.1379,5.25,33.946,8,16.2123
2018-12-10,2.972,1.4025,1.1356,5.25,34,8.1,16.726
2018-12-11,2.9875,1.404,1.1317,6.375,33.875,8.2,16.7219
2018-12-12,3.0106,1.418,1.1369,6.5,33.375,8.1,16.3027
2018-12-13,3.0248,1.428,1.1361,6.5,33.13,8.3,16.489
2018-12-14,3.0008,1.428,1.1306,5.25,33.25,8.2,16.737
2018-12-17,2.9735,1.428,1.1348,5.25,33.125,8.2,16.737
2018-12-18,2.9242,1.4053,1.1361,4.875,32.75,8.2,16.5995
2018-12-19,2.8465,1.394,1.1376,3.75,31.875,8.05,16.7329
2018-12-20,2.929,1.372,1.1446,3.875,31.875,8.05,16.7616
2018-12-21,2.9077,1.393,1.1372,4,31.25,8,16.5808
2018-12-24,2.8528,,1.1406,4,31,,16.5808
2018-12-25,2.8528,,1.1392,4,31,,
2018-12-26,2.9102,,1.1353,,30.375,,
2018-12-27,2.8917,1.3817,1.143,4.5,30,8,16.6452
2018-12-28,2.849,1.3795,1.1444,4.5,30,8,16.3986
2018-12-31,2.8381,,1.1467,4.5,30,,16.3986
2019-01-01,2.8374,,1.1465,4.5,30,,
2019-01-02,2.7818,1.3195,1.1344,4.5,30.125,8,16.4858
2019-01-03,2.7235,1.328,1.1394,3.75,31.375,8.075,16.8735
2019-01-04,2.8199,1.3705,1.1395,3.5,31.4375,8.2,16.6603
2019-01-07,2.8249,1.3795,1.1474,3.75,31.25,8.1,17.0493
2019-01-08,2.8483,1.388,1.1441,3.125,31.25,8,16.537
2019-01-09,2.8365,1.406,1.1543,4.375,31.625,8.2,16.7123
2019-01-10,2.8773,1.403,1.15,4,31.625,8.2,16.9151
2019-01-11,2.8422,1.3943,1.1469,3.5,31.75,8.2,17.0063
2019-01-14,2.8506,1.391,1.1469,3.75,31.75,8,16.6301
2019-01-15,2.8645,1.378,1.1413,3.875,32.375,8.1,16.5986
2019-01-16,2.8735,1.3858,1.1392,3.875,32.75,8.2,16.9186
2019-01-17,2.8884,1.379,1.1389,4,32.5,8.2,16.6986
2019-01-18,2.9231,1.3972,1.1363,3.5,32,8.15,16.6493
2019-01-21,2.92,1.3925,1.1365,2.875,32.0625,8.1,16.6808
2019-01-22,2.8774,1.367,1.136,2.25,32,8.1,16.6685
2019-01-23,2.883,1.3515,1.1381,1.5,31.75,8.075,16.3411
2019-01-24,2.8623,1.298,1.1304,1,31.125,8.1,16.2914
2019-01-25,2.8947,1.295,1.1406,0.625,30.5625,8.1,15.9726
2019-01-28,2.8865,1.312,1.1428,-0.125,30.375,8,16.4757
2019-01-29,2.855,1.2977,1.1433,-1.125,30.25,7.9,16.5479
2019-01-30,2.8357,1.2756,1.148,-1,29.875,7.8,16.1175
2019-01-31,2.7948,1.229,1.1448,-0.375,30.125,7.8,16.2671
2019-02-01,2.838,1.28,1.1456,0,30.125,7.8,15.9959
2019-02-04,2.8673,1.2792,1.1438,-0.125,30.25,8,16.374
2019-02-05,2.8472,1.2715,1.1406,0.5,30.5,7.9,16.411
2019-02-06,2.8491,1.2639,1.1362,0.875,30.625,7.9,16.7627
2019-02-07,2.8105,1.235,1.1341,0.625,30,8,15.9123
2019-02-08,2.7952,1.208,1.1323,0.625,30.072,8,16.5493
2019-02-11,2.8108,1.236,1.1276,-0.25,29.625,8,16.3603
2019-02-12,2.842,1.2452,1.1326,-0.125,29.625,7.9,16.3156
2019-02-13,2.8525,1.243,1.1261,0.25,29.5,7.8,16.0973
2019-02-14,2.819,1.2275,1.1295,0.25,29.5,7.8,15.9685
2019-02-15,2.8242,1.2329,1.1296,0,29.625,7.5,16.1504
2019-02-18,2.8241,1.249,1.1311,0,29.625,7.3,15.907
2019-02-19,2.7958,1.243,1.1341,0.75,29.375,7.4,15.9452
2019-02-20,2.8134,1.219,1.1338,1.625,28.75,7.5,15.7301
2019-02-21,2.8506,1.243,1.1336,3.125,28.75,7.3,15.9129
2019-02-22,2.8193,1.22,1.1335,2.25,28.75,7.3,16.5165
2019-02-25,2.8246,1.234,1.1358,2.375,28.625,7.3,15.7644
2019-02-26,2.7959,1.2429,1.1389,2.75,28.375,7.2,15.8379
2019-02-27,2.8533,1.269,1.137,3,28,7.3,16.0221
2019-02-28,2.883,1.295,1.1371,2.875,28,7.2,15.6329
2019-03-01,2.9183,1.3075,1.1365,2.375,27.6875,7.3,15.9658
2019-03-04,2.8887,1.2865,1.134,2,27.625,7.2,15.5452
2019-03-05,2.8876,1.29,1.1308,1.875,27.5,7.3,16.189
2019-03-06,2.8733,1.258,1.1307,1.625,27.25,7.4,16.2315
2019-03-07,2.8278,1.201,1.1193,1.5,27,7.096,15.1019
2019-03-08,2.8146,1.1575,1.1235,1.25,26.75,7.296,16.1123
2019-03-11,2.8311,1.177,1.1245,1.125,27,7.3,16.0863
2019-03-12,2.7911,1.1779,1.1288,1.25,27.125,7.496,15.9671
2019-03-13,2.8073,1.1947,1.1327,1.5,27.625,7.6,16.3348
2019-03-14,2.8235,1.2027,1.1304,1.375,27.5,7.796,16.2808
2019-03-15,2.7865,1.2025,1.1326,1.375,27.625,7.7,16.2355
2019-03-18,2.7957,1.189,1.1337,1.375,27.875,7.696,16.474
2019-03-19,2.7901,1.208,1.1352,1.875,27.5,7.769,16.45
2019-03-20,2.7314,1.1945,1.1413,2.125,27.375,7.7,16.2721
2019-03-21,2.7197,1.153,1.1374,2.375,27,7.8,16.0753
2019-03-22,2.62,1.0784,1.1302,2.25,26.75,7.997,16.6189
2019-03-25,2.5775,1.042,1.1312,2.875,26.625,8.398,16.6288
2019-03-26,2.5912,1.0405,1.1266,3.25,26.625,8.6,17.026
2019-03-27,2.5435,1.0057,1.1244,3.75,26.625,8.6,17.3182
2019-03-28,2.5759,1.0354,1.1221,4,27,8.7,16.9203
2019-03-29,2.5824,1.066,1.1218,3.875,27,8.9,17.4687
2019-04-01,2.6584,1.103,1.1213,2.375,27,9.097,17.7397
2019-04-02,2.6331,1.088,1.1204,1.75,26.875,9,17.311
2019-04-03,2.679,1.1485,1.1233,1,26.5625,9,17.8781
2019-04-04,2.6713,1.108,1.1221,0.5,26.25,8.897,17.6836
2019-04-05,2.6595,1.1126,1.1216,-0.25,26,8.897,17.5422
2019-04-08,2.6859,1.108,1.1263,-0.875,25.75,8.9,17.4836
2019-04-09,2.6719,1.102,1.1263,-1.125,25.5,8.8,17.0425
2019-04-10,2.642,1.0832,1.1274,-0.625,25.125,8.7,17.5438
2019-04-11,2.6751,1.0965,1.1253,-0.625,24.88,8.7,17.4007
2019-04-12,2.7282,1.152,1.1299,-1.125,24.875,8.7,17.574
2019-04-15,2.7311,1.163,1.1304,-0.875,25,8.5,16.8589
2019-04-16,2.7598,1.179,1.1281,-0.75,24.875,8.296,16.737
2019-04-17,2.7685,1.181,1.1296,-1.25,25,8.3,16.9799
2019-04-18,2.735,1.131,1.123,-1.25,24.875,8.3,17.0534
2019-04-19,2.7365,1.131,1.1245,,25,,
2019-04-22,2.7587,,1.1257,-1.125,24.875,,
2019-04-23,2.7427,1.141,1.1227,-1.125,25,8.296,16.8397
2019-04-24,2.6986,1.086,1.1155,-0.75,24.8125,8.495,17.0658
2019-04-25,2.7138,1.105,1.1132,-0.375,24.625,8.496,17.1204
2019-04-26,2.6905,1.093,1.1151,-0.5,24.625,8.7,17.4585
2019-04-29,2.7151,1.1026,1.1186,-1.125,24.75,8.7,16.861
2019-04-30,2.693,1.101,1.1215,-1.5,24.875,8.8,17.6986
2019-05-01,2.687,1.1039,1.1196,-1.625,25,8.8,
2019-05-02,2.7078,1.1185,1.1172,-2,25.125,8.8,17.274
2019-05-03,2.685,1.117,1.1198,-1.625,25,8.8,17.5767
2019-05-06,2.6402,1.1025,1.1199,-1.625,25,8.8,17.3966
2019-05-07,2.6221,1.067,1.1191,-0.875,25,9,17.1902
2019-05-08,2.647,1.068,1.1192,-1.375,25,9.097,18.0945
2019-05-09,2.6095,1.0725,1.1215,-1.5,24.75,9.3,17.7904
2019-05-10,2.6335,1.076,1.1233,-1.625,24.875,9.3,17.8663
2019-05-13,2.5614,1.0324,1.1222,-2.25,25,9.2,17.786
2019-05-14,2.5706,1.0236,1.1204,-2.375,25.25,9.1,17.5118
2019-05-15,2.5354,0.999,1.1201,-2.125,25.125,9.1,17.9397
2019-05-16,2.5517,1.0185,1.1174,-2.125,25.25,8.9,17.5074
2019-05-17,2.5442,1.0133,1.1158,-2.25,25,8.799,17.1488
2019-05-20,2.5594,1.031,1.1166,-1.875,25,8.698,16.7438
2019-05-21,2.5695,1.048,1.1161,-2,24.625,8.7,17.5205
2019-05-22,2.5276,1.0326,1.115,-2.375,24.75,8.8,17.5052
2019-05-23,2.4697,1.0015,1.1181,-2.125,24.625,8.797,17.2822
2019-05-24,2.4669,1.0081,1.1203,-2.375,24.375,8.9,17.4082
2019-05-27,2.465,0.98,1.1194,,24.375,8.9,17.5616
2019-05-28,2.4252,0.965,1.116,-1.75,24.5,8.7,17.0979
2019-05-29,2.418,0.946,1.1131,-1.375,24.625,8.8,17.4082
2019-05-30,2.3732,0.952,1.1129,-1.5,24.625,8.6,17.1
2019-05-31,2.294,0.9176,1.1169,-1.125,24.6875,8.6,17.1071
2019-06-03,2.2495,0.896,1.1241,-1.875,24.5,8.699,17.2767
2019-06-04,2.3305,0.8725,1.1252,-2.5,24.75,8.7,17.1082
2019-06-05,2.3684,0.857,1.1221,-3,24.875,8.7,17.4045
2019-06-06,2.3421,0.8314,1.1276,-3.375,25.25,8.6,17.5088
2019-06-07,2.3106,0.799,1.1334,-3.5,25.375,8.6,17.2568
2019-06-10,2.3597,0.8709,1.1312,-3.5,25.38,8.5,16.871
2019-06-11,2.3374,0.853,1.1326,-3.5,25.375,8.5,16.9298
2019-06-12,2.3197,0.8541,1.1287,-1.75,25.375,8.5,17.0451
2019-06-13,2.2832,0.83,1.1276,-2.875,25.125,8.5,17.2075
2019-06-14,2.2551,0.788,1.1208,-2.625,24.875,8.501,16.9021
2019-06-17,2.2702,0.8095,1.1218,-2.25,24.75,8.498,17.1384
2019-06-18,2.2318,0.7519,1.1194,-1.5,24.5,8.903,17.5343
2019-06-19,2.2112,0.766,1.1226,-1.5,24,8.75,17.2493
2019-06-20,2.2161,0.7385,1.1293,-1.375,24,8.8,17.3271
2019-06-21,2.2487,0.7743,1.1369,-1.875,23.875,8.799,17.318
2019-06-24,2.1979,0.7423,1.1399,-2.625,23.75,8.8,17.2068
2019-06-25,2.166,0.72,1.1367,-2.875,23.125,8.8,17.2657
2019-06-26,2.2318,0.7405,1.1369,-3.75,23.25,8.898,17.3953
2019-06-27,2.2027,0.718,1.1369,-4.25,23.125,8.999,17.5178
2019-06-28,2.2137,0.722,1.1373,-4.625,23.75,8.999,17.363
2019-07-01,2.236,0.715,1.1286,-4.875,23.875,9,17.0726
2019-07-02,2.1848,0.7177,1.1285,-4.75,23.875,9.098,17.6038
2019-07-03,2.1525,0.6607,1.1278,-4.75,23.5,9.198,17.6212
2019-07-04,2.152,0.6189,1.1285,-5.5,23.5,9.199,17.8436
2019-07-05,2.2275,0.6525,1.1225,-6.25,23.625,9.199,17.6891
2019-07-08,2.2132,0.6337,1.1214,-6.5,23.625,9.2,17.5532
2019-07-09,2.2232,0.668,1.1208,-7.25,23.875,9.45,17.9599
2019-07-10,2.2586,0.706,1.1251,-7.625,23.88,9.498,18.0849
2019-07-11,2.3284,0.7865,1.1254,-8.25,23.5,9.4,18.326
2019-07-12,2.3047,0.7968,1.127,-8,23.75,9.4,17.9968
2019-07-15,2.2659,0.745,1.1258,-7.5,23.6875,9.7,18.3329
2019-07-16,2.2665,0.722,1.1211,-7.25,24,9.797,18.3137
2019-07-17,2.2073,0.6823,1.1224,-7.5,24.375,10.2,18.8959
2019-07-18,2.201,0.6805,1.1277,-8.625,25.25,10.4,19.0753
2019-07-19,2.2277,0.677,1.1221,-9.125,24.875,10.395,18.8651
2019-07-22,2.2195,0.658,1.1209,-8.75,25,10.3,18.9062
2019-07-23,2.2532,0.6581,1.1152,-9.375,25,10.3,18.8918
2019-07-24,2.2101,0.614,1.114,-10,25,10.4,19.1192
2019-07-25,2.2338,0.616,1.1147,-9.75,25.5,10.3,17.7164
2019-07-26,2.2326,0.5959,1.1128,-9,25.63,10.198,18.5833
2019-07-29,2.2192,0.585,1.1145,-9.125,25.375,10.2,18.9432
2019-07-30,2.2075,0.5803,1.1155,-9.125,24.75,10.2,18.6347
2019-07-31,2.163,0.5275,1.1076,-8.5,24.25,10.25,18.737
2019-08-01,2.068,0.485,1.1085,-8.125,24.5,10.301,19.1452
2019-08-02,2.005,0.3825,1.1108,-8.5,24.375,10.4,18.9342
2019-08-05,1.8317,0.362,1.1203,-8.125,24,10.8,19.5626
2019-08-06,1.8459,0.355,1.1199,-7.625,23.25,10.8,19.3192
2019-08-07,1.8357,0.3055,1.1199,-7.25,23.1875,11.299,19.8833
2019-08-08,1.805,0.3575,1.118,-7.25,23.125,10.999,19.2603
2019-08-09,1.8467,0.332,1.12,-7.5,23.625,11.05,19.4945
2019-08-12,1.7337,0.302,1.1214,-7.5,23.75,11.2,19.367
2019-08-13,1.7742,0.264,1.1171,-7.75,23.38,11.3,19.8778
2019-08-14,1.6195,0.171,1.1139,-8.125,23.5,11.598,20.0137
2019-08-15,1.564,0.035,1.1107,-8,23.25,11.9,20.4272
2019-08-16,1.6228,0.053,1.109,-7.875,23.7497,12.799,21.1312
2019-08-19,1.6779,0.1575,1.1078,-7.625,23.875,12.8,21.3225
2019-08-20,1.6378,0.1325,1.11,-8.125,23.875,13,21.3123
2019-08-21,1.6776,0.15,1.1085,-8.75,23.625,12.901,21.3877
2019-08-22,1.7185,0.208,1.108,-9.25,23.5,12.6,21.011
2019-08-23,1.6332,0.19,1.1144,-10.5,23.25,12.498,21.1877
2019-08-26,1.6496,0.1943,1.1102,-10.5,23.1875,12.5,20.9568
2019-08-27,1.5591,0.104,1.109,-10.625,23.375,12.799,21.6019
2019-08-28,1.565,0.0446,1.1078,-11.25,23.5,13,21.4496
2019-08-29,1.5548,0.084,1.1057,-10.875,24.125,13,21.6342
2019-08-30,1.5436,0.1,1.0982,-11.375,24.125,12.6,21.4103
2019-09-02,1.545,0.117,1.097,-11.625,24.125,12.6,21.017
2019-09-03,1.5195,0.086,1.0974,-12.125,24.875,12.5,20.8301
2019-09-04,1.545,0.146,1.1035,-13,25.5,12.297,21.4986
2019-09-05,1.6375,0.2989,1.1035,-12.75,25.625,11.6,20.3285
2019-09-06,1.614,0.208,1.1029,-12.5,25.625,11.409,19.743
2019-09-09,1.7173,0.269,1.1048,-11.25,25.75,10.9,19.8274
2019-09-10,1.8035,0.32,1.1043,-9.75,25.25,10.2,19.1548
2019-09-11,1.8015,0.311,1.101,-8.125,25.25,9.6,17.8616
2019-09-12,1.8345,0.361,1.1065,-8.5,25.375,9.489,18.8044
2019-09-13,1.96,0.465,1.1073,-7.625,25.5,9.9,17.8951
2019-09-16,1.899,0.412,1.1001,-6.5,25.625,10,18.1677
2019-09-17,1.8538,0.378,1.1073,-6.25,25,10,18.4233
2019-09-18,1.8106,0.3145,1.103,-6.5,24.5,9.8,18.0096
2019-09-19,1.803,0.305,1.1041,-7.125,24.75,9.9,18.6247
2019-09-20,1.7464,0.2805,1.1017,-6.375,23.875,10,18.211
2019-09-23,1.75,0.205,1.0993,-6.5,23.5,10.401,18.963
2019-09-24,1.6685,0.141,1.102,-7,23.5,10.4,18.7493
2019-09-25,1.7518,0.208,1.0943,-6.625,22.9375,10.55,20.2291
2019-09-26,1.7173,0.179,1.0921,-6.625,22.5,10.6,19.0932
2019-09-27,1.72,0.2005,1.094,-6.375,22,10.4,18.6137
2019-09-30,1.7135,0.2214,1.0899,-6.5,21.875,10.501,18.7234
2019-10-01,1.6954,0.256,1.0933,-6.875,22.3125,10.301,19.7384
2019-10-02,1.6905,0.243,1.0959,-5.5,22.375,10.302,18.4825
2019-10-03,1.6253,0.21,1.0965,-5,22.875,10.45,18.85
2019-10-04,1.6262,0.219,1.0979,-4.25,23.25,10.161,18.85
2019-10-07,1.6592,0.235,1.0971,-1.625,23.125,10.2,18.825
2019-10-08,1.627,0.2335,1.0957,-1.75,23.375,10.101,18.65
2019-10-09,1.6845,0.28,1.0971,-1.875,23.25,9.8,18.4
2019-10-10,1.765,0.3364,1.1005,-3.625,23.5,9.65,18.15
2019-10-11,1.82,0.399,1.1042,-1.875,23.125,8.8,17.3
2019-10-14,1.821,0.3692,1.1027,-1.75,23.13,9,17.45
2019-10-15,1.867,0.4255,1.1033,-1.25,23.25,9,17.5
2019-10-16,1.849,0.454,1.1072,-1.25,22.625,9,17.35
2019-10-17,1.8607,0.42,1.1125,-1.5,22.625,8.9,17.6
2019-10-18,1.8824,0.459,1.1167,-1,22.625,9.1,17.55
2019-10-21,1.9296,0.5099,1.115,-0.875,22.625,8.9,17.5
2019-10-22,1.8872,0.4585,1.1125,-1,23.125,9.3,17.8
2019-10-23,1.8794,0.3986,1.113,-0.625,23.375,9.45,18
2019-10-24,1.884,0.4095,1.1104,-0.25,23.5,9.5,18
2019-10-25,1.9052,0.4765,1.108,0,23.5,9.5,18.05
2019-10-28,1.9527,0.5051,1.11,-1,23.75,9.4,17.9
2019-10-29,1.9471,0.483,1.1112,-1.875,23.5,9.4,17.9
2019-10-30,1.8693,0.492,1.1151,-0.5,23.25,9.4,17.95
2019-10-31,1.7901,0.4289,1.1152,0.625,23.25,9.897,18.4
2019-11-01,1.808,0.47,1.1166,0.125,23,10,18.5
2019-11-04,1.8831,0.51,1.1128,-0.625,23,10.098,18.825
2019-11-05,1.9615,0.541,1.1075,-1.125,22.875,10,18.5
2019-11-06,1.9335,0.5013,1.1066,-1.375,22.875,9.993,18.5
2019-11-07,2.0134,0.605,1.105,-1.125,23,9.794,18.3
2019-11-08,2.0297,0.5735,1.1018,-1.125,22.875,10,18.725
2019-11-11,2.035,0.5873,1.1033,-1,22.88,10.099,18.63
2019-11-12,2.0255,0.57,1.1009,-1.625,22.875,10.099,18.635
2019-11-13,1.9721,0.525,1.1007,-1.75,22.875,10.4,18.925
2019-11-14,1.9069,0.473,1.1022,-0.625,22.75,10.7,19.225
2019-11-15,1.9145,0.49,1.1051,-0.625,22.5,10.599,19.125
2019-11-18,1.901,0.495,1.1072,-0.25,22.375,10.3,18.825
2019-11-19,1.8566,0.491,1.1078,0.125,22.5,9.8995,18.51
2019-11-20,1.8267,0.4795,1.1073,0.375,22.625,10,18.5
2019-11-21,1.8467,0.506,1.1059,1.125,22.75,10.198,18.66
2019-11-22,1.8496,0.462,1.1021,1,22.625,10,18.525
2019-11-25,1.8444,0.4855,1.1014,1.5,22.5,9.7,18.515
2019-11-26,1.8297,0.465,1.1021,1.875,22.5,9.5,18.05
2019-11-27,1.8565,0.448,1.0999,2.25,22.5,9.491,18.025
2019-11-28,1.8554,0.456,1.1009,1.75,22.5,9.6,18.05
2019-11-29,1.8754,0.4557,1.1018,1,22.5,9.55,18.025
2019-12-02,1.9251,0.532,1.1079,0.875,22.5,9.4,17.93
2019-12-03,1.8267,0.4615,1.1082,1.625,22.375,9.5,17.99
2019-12-04,1.8902,0.502,1.1078,1.625,22.125,9.4,17.935
2019-12-05,1.9275,0.516,1.1104,1.625,22,9.316,17.925
2019-12-06,1.951,0.525,1.106,1.75,22,9.4,17.925
2019-12-09,1.9275,0.516,1.1064,1.25,22.125,9.4,17.93
2019-12-10,1.94,0.524,1.1092,0.625,22,9.4,17.925
2019-12-11,1.9017,0.502,1.113,0.125,22.125,9.6,18.065
2019-12-12,2.014,0.547,1.113,1,22.375,9.601,18.135
2019-12-13,1.941,0.499,1.1121,1.25,22.375,9.502,17.97
2019-12-16,1.9922,0.53,1.1144,1.5,22.375,9.4,17.935
2019-12-17,2.0145,0.512,1.115,1,22.375,9.2,17.725
2019-12-18,2.0484,0.5603,1.1114,1,22.625,9.15,17.635
2019-12-19,2.054,0.5675,1.1122,1,22.5,9.1,17.63
2019-12-20,2.0566,0.5602,1.1079,0.375,22.5,9.1,17.635
2019-12-23,2.0651,0.582,1.1089,0.375,22.45,9.1,17.635
2019-12-24,2.0423,0.5764,1.1089,,22.5,9.1,17.635
2019-12-25,2.043,0.576,1.1093,,22.5,,
2019-12-26,2.0284,0.576,1.1098,,22.45,,
2019-12-27,2.0264,0.5766,1.1177,,22.375,9.102,17.635
2019-12-30,2.0349,0.633,1.1199,0.25,22.25,8.8,17.335
2019-12-31,2.0914,0.6211,1.1213,0.25,22.125,,17.325
2020-01-01,2.091,0.6211,1.1212,,22.625,,
2020-01-02,2.029,0.586,1.1172,0.75,22.125,8.894,17.435
2020-01-03,1.933,0.5264,1.1161,0.625,22.125,8.994,17.535
2020-01-06,1.9415,0.526,1.1197,0.875,21.875,9.194,17.73
2020-01-07,1.9634,0.5307,1.1153,0.875,21.875,9.1,17.63
2020-01-08,2.0191,0.5786,1.1105,0.875,21.75,9.094,17.55
2020-01-09,1.996,0.5884,1.1106,0.75,21.625,8.9,17.435
2020-01-10,1.9546,0.5853,1.1121,0.875,21.15,8.8,17.335
2020-01-13,1.9822,0.633,1.1134,0.375,21.125,8.7,17.235
2020-01-14,1.9604,0.6246,1.1128,0.75,21.075,8.7,17.235
2020-01-15,1.9337,0.597,1.115,0.375,20.875,8.696,17.235
2020-01-16,1.9508,0.58,1.1137,-0.5,21.13,8.795,17.335
2020-01-17,1.969,0.584,1.1092,0.25,21.125,8.796,17.335
2020-01-20,1.969,0.5793,1.1095,0,21.125,8.7,17.235
2020-01-21,1.9308,0.541,1.1082,0,20.875,8.75,17.235
2020-01-22,1.9175,0.531,1.1093,0.375,21,8.7,17.225
2020-01-23,1.865,0.491,1.1055,0.75,21,8.795,17.295
2020-01-24,1.8205,0.456,1.1025,0.375,20.75,9.096,17.4
2020-01-27,1.737,0.391,1.1019,-0.25,20.5,9.1,17.6
2020-01-28,1.7952,0.438,1.1022,-0.25,20.875,9.096,17.73
2020-01-29,1.727,0.4076,1.101,0,20.75,9.1,17.625
2020-01-30,1.729,0.3703,1.1032,0.375,20.375,9,17.515
2020-01-31,1.669,0.3362,1.1093,0.5,20.375,9.095,17.615
2020-02-03,1.6827,0.3342,1.106,0.625,20.25,9.197,17.715
2020-02-04,1.7521,0.381,1.1044,0.25,20.125,9.4,17.915
2020-02-05,1.8157,0.434,1.0999,0.875,19.875,9.3,17.765
2020-02-06,1.7917,0.424,1.0983,1.5,19.13,9.197,17.71
2020-02-07,1.7311,0.3877,1.0946,1.625,18.375,9.4,17.845
2020-02-10,1.7138,0.3573,1.0911,1.5,18.3,9.297,17.82
2020-02-11,1.7365,0.385,1.0916,1.5,18.25,9.3,17.815
2020-02-12,1.775,0.386,1.0874,2.125,18.625,9.3,17.815
2020-02-13,1.7488,0.3676,1.0841,1.875,18.875,9.297,17.815
2020-02-14,1.712,0.353,1.0831,1,19.25,9.2,17.655
2020-02-17,1.714,0.3519,1.0836,0.375,19.25,9.2,17.715
2020-02-18,1.674,0.336,1.0792,0,19.25,9.3,17.795
2020-02-19,1.6777,0.3181,1.0805,-0.7503,19.35,9.3,17.825
2020-02-20,1.6108,0.262,1.0785,-0.625,19.125,9.399,17.845
2020-02-21,1.5412,0.247,1.0847,-1.375,18.13,9.55,18.04
2020-02-24,1.4602,0.205,1.0854,-1.5,17.875,9.8,18.315
2020-02-25,1.4417,0.1839,1.0882,-1.125,17.625,10.2,18.705
2020-02-26,1.4527,0.2217,1.0881,-1.5,18.25,10.2,18.705
2020-02-27,1.378,0.1991,1.1001,-1.75,18.75,10.598,19.125
2020-02-28,1.3006,0.132,1.1026,-3.25,19.875,11.4,20.055
2020-03-02,1.351,0.1045,1.1134,-3.875,19.5,11.801,20.415
2020-03-03,1.2257,0.1055,1.1173,-2.375,19,11.195,19.595
2020-03-04,1.307,0.1237,1.1136,-3.25,18.5,11.6,20.095
2020-03-05,1.14,0.1001,1.1237,-3.5,20.125,12.404,20.905
2020-03-06,0.9569,0.023,1.1284,-4,20.125,13.6,21.895
2020-03-09,0.6524,-0.1338,1.145,-5.125,21.25,15.896,24.4
2020-03-10,0.8518,-0.1375,1.1281,-4.5,20.75,14.7,23.2
2020-03-11,0.9128,-0.243,1.127,-4.625,21.5,13.896,22.52
2020-03-12,0.787,-0.2336,1.1185,-4.875,22.375,14.497,22.52
2020-03-13,0.9548,-0.097,1.1107,-5.875,23.375,14.706,23.6
2020-03-16,0.7632,-0.1061,1.1183,-5.875,22.125,15.1,23.5
2020-03-17,1.028,-0.098,1.0997,-4.25,23,14.8,23.3
2020-03-18,1.0843,0.0944,1.0915,-2.75,25.125,13.997,22.49
2020-03-19,1.0412,0.153,1.0692,-2.625,28.5,14.897,23.375
2020-03-20,0.7752,0.1232,1.0688,-1.25,27.25,14.6,23.24
2020-03-23,0.7705,0.0843,1.0726,0.75,27.625,14.7,23.19
2020-03-24,0.8206,0.1686,1.0788,1.25,25.125,14.3,22.825
2020-03-25,0.9113,0.2474,1.0882,2.25,23.625,13.9,22.5
2020-03-26,0.8593,0.2464,1.1032,0.375,23.25,13.2,22.2
2020-03-27,0.7516,0.1552,1.1141,-2.125,23.875,13.3,21.725
2020-03-30,0.8668,0.144,1.1048,-3.125,24.13,13.6,21.83
2020-03-31,0.8815,0.176,1.1031,-3.25,23.625,12.501,21.05
2020-04-01,0.841,0.1515,1.0964,-3.625,23.875,12.6,21.1
2020-04-02,0.826,0.1118,1.0858,-4.375,23.375,12.7,20.89
2020-04-03,0.7922,0.089,1.0801,-3.375,23.625,13.3,21.8
2020-04-06,0.8602,0.127,1.0793,-4.25,24.125,13.7,22.225
2020-04-07,0.925,0.1966,1.0892,-6.375,24.125,13.593,22.275
2020-04-08,0.9937,0.1841,1.0858,-8.125,24,13.889,22.475
2020-04-09,1.0098,0.1346,1.093,-8.25,23.75,12.998,21.6
2020-04-10,0.998,0.1346,1.0937,,23.75,12.998,21.6
2020-04-13,1.05,0.144,1.0914,-8.25,23.25,,21.6
2020-04-14,1.0477,0.1151,1.098,-7.5,23,12.684,21.25
2020-04-15,0.8955,0.0528,1.091,-6.875,23.375,13.2,21.7
2020-04-16,0.8689,0.0188,1.084,-5.125,23.5,13.193,21.7
2020-04-17,0.8952,0.0381,1.0875,-4,24.375,12.991,21.45
2020-04-20,0.8353,0.072,1.0862,-3.5,24.85,13.095,21.55
2020-04-21,0.7918,0.05,1.0858,-3.75,24.875,14.2,22.65
2020-04-22,0.821,0.1028,1.0823,-4.5,24.875,14.886,23.4
2020-04-23,0.7823,0.0445,1.0777,-4.75,24.625,14.3,22.825
2020-04-24,0.754,0.014,1.0823,-5,24.25,13.802,22.275
2020-04-27,0.827,0.03,1.0829,-4.875,24.25,13.5,22.025
2020-04-28,0.7705,0.027,1.082,-5.125,23.88,12.7,21.3
2020-04-29,0.8175,0.0046,1.0873,-4.75,22.875,12.6,21.075
2020-04-30,0.8345,-0.058,1.0955,-5.75,23.25,12.6,20.795
2020-05-01,0.7994,-0.061,1.0981,-5.625,23.375,12.6,21.2
2020-05-04,0.8117,-0.0232,1.0907,-6.125,24.25,12.15,20.625
2020-05-05,0.8635,-0.0237,1.084,-8,25.625,12,20.575
2020-05-06,0.8986,0.018,1.0795,-8.875,25.15,12.102,20.65
2020-05-07,0.8405,-0.0125,1.0834,-9.375,25.5,11.9,20.44
2020-05-08,0.8871,0.007,1.0839,,25.375,11.9,20.48
2020-05-11,0.9056,0.004,1.0807,-10.875,25.88,12.2,20.75
2020-05-12,0.8735,-0.0484,1.0848,-11.375,26.875,12.25,20.81
2020-05-13,0.8615,-0.0547,1.0818,-9.625,26.375,12.297,20.775
2020-05-14,0.8116,-0.063,1.0805,-9.625,26.25,12.4,20.95
2020-05-15,0.8588,-0.06,1.082,-10.25,25.75,12.294,20.8
2020-05-18,0.9625,-0.023,1.0913,-10.75,25.5,12,20.45
2020-05-19,0.9342,-0.025,1.0923,-11.875,24.8,11.5,20.12
2020-05-20,0.9297,-0.036,1.098,-11.25,24,11.4,19.9
2020-05-21,0.929,-0.019,1.095,-11,23.75,11.3,19.78
2020-05-22,0.9253,-0.021,1.0901,-10.375,24.2485,11.3,19.825
2020-05-25,0.927,-0.0238,1.0898,-10.375,24.125,11.3,19.82
2020-05-26,0.9887,0.017,1.0982,-9.375,24.625,10.7,19.28
2020-05-27,0.9685,0.032,1.1006,-9,24.625,10.8,19.12
2020-05-28,0.982,0.042,1.1077,-9.375,24.875,10.6,19.05
2020-05-29,0.9374,0.035,1.1101,-10.5,25.125,10.499,18.99
2020-06-01,0.9665,0.089,1.1136,-11.25,25.125,10.3,18.84
2020-06-02,0.9997,0.098,1.117,-10.5,25.125,10.4,18.75
2020-06-03,1.0489,0.137,1.1233,-10.5,25.375,10.2,18.725
2020-06-04,1.1504,0.183,1.1338,-10.75,25.375,9.35,18.05
2020-06-05,1.1854,0.221,1.1292,-12.375,24.88,8.697,17.275
2020-06-08,1.1635,0.174,1.1294,-12.5,25,8.7,17.2
2020-06-09,1.1087,0.1728,1.134,-12.25,24.625,9.05,17.55
2020-06-10,1.0508,0.1421,1.1374,-12,24.375,9.1,17.6
2020-06-11,0.9268,0.0536,1.1299,-11.5,25.125,9.5,17.95
2020-06-12,0.9765,0.0573,1.1256,-12,24.88,9.5,17.95
2020-06-15,0.9775,0.0637,1.1323,-11.75,24.75,10,18.49
2020-06-16,1.0494,0.083,1.1264,-11.625,24.63,10,18.31
2020-06-17,1.0254,0.0875,1.1244,-11.875,24.63,9.8,18.325
2020-06-18,0.9829,0.047,1.1205,-11.875,24.5,9.3,17.875
2020-06-19,0.9624,0.0565,1.1178,-11.5,24.625,8.9,17.375
2020-06-22,0.9806,0.0475,1.1261,-11.875,24.25,8.9,17.42
2020-06-23,1.006,0.0848,1.1308,-12,24.375,8.7,17.15
2020-06-24,0.95,0.047,1.1251,-11.75,24.05,8.8,17.23
2020-06-25,0.9503,0.016,1.1218,-12,24.25,9,17.5
2020-06-26,0.8812,0.001,1.1219,-11.75,23.85,9,17.485
2020-06-29,0.8795,0.01,1.1242,-11.625,23.15,9,17.5
2020-06-30,0.9207,0.033,1.1234,-11.75,23,9,17.525
2020-07-01,0.9355,0.0649,1.1251,-11.625,23,8.8,17.3
2020-07-02,0.9345,0.0509,1.1239,-11.75,23,8.7,17.16
2020-07-03,0.9363,0.062,1.1248,-11.875,22.875,8.9,17.2
2020-07-06,0.9454,0.0666,1.1309,-11.625,22.75,8.4,16.925
2020-07-07,0.8817,0.047,1.1274,-11.875,22.25,8.5,17.05
2020-07-08,0.9115,0.027,1.133,-11.625,22.375,8.4,16.9
2020-07-09,0.8372,-0.0008,1.1285,-11.625,22,8.35,16.93
2020-07-10,0.8765,-0.008,1.13,-11.625,21.75,8.7,17.19
2020-07-13,0.844,0.0403,1.1344,-12,21.3,8.7,17.125
2020-07-14,0.8468,-0.0024,1.14,-12,20.25,8.9,17.375
2020-07-15,0.8652,0.0004,1.1412,-13.625,20.375,8.7,17.32
2020-07-16,0.8496,-0.003,1.1384,-13.625,19.75,8.6,17
2020-07-17,0.874,0.0176,1.1428,-13.375,19.7,8.45,16.9
2020-07-20,0.8451,-0.0036,1.1448,-13,19.75,8.5,16.93
2020-07-21,0.8474,-0.016,1.1527,-12.875,19.625,8.2,16.625
2020-07-22,0.8347,-0.038,1.157,-12.375,19.4,8.2,16.625
2020-07-23,0.8021,-0.038,1.1596,-13,19.75,8.2,16.6474
2020-07-24,0.8177,-0.019,1.1656,-13,20,7.9,16.4
2020-07-27,0.8484,-0.054,1.1752,-13.125,20,7.7,16.175
2020-07-28,0.8124,-0.079,1.1716,-13.25,20.25,7.5,16.05
2020-07-29,0.8192,-0.049,1.1792,-13.5,20.375,7.5,16
2020-07-30,0.789,-0.092,1.1847,-13.25,20.625,7.7,16.2
2020-07-31,0.7694,-0.051,1.1778,-13,20.875,7.8,16.25
2020-08-03,0.8027,-0.054,1.1762,-11.875,20.5,7.9,16.325
2020-08-04,0.7591,-0.094,1.1803,-11,20.375,7.9,16.31
2020-08-05,0.8053,-0.051,1.1863,-9,20.25,7.9,16.35
2020-08-06,0.7969,-0.062,1.1877,-10.375,20.25,8.01,16.425
2020-08-07,0.8506,-0.0405,1.1787,-10.875,20.125,7.9,16.325
2020-08-10,0.8764,-0.059,1.1738,-11.125,20.375,7.85,16.35
2020-08-11,0.9402,-0.001,1.174,-11.875,20.375,7.7,16.26
2020-08-12,0.9735,0.022,1.1784,-12.25,20.625,7.5,15.94
2020-08-13,1.0208,0.0606,1.1814,-12.75,20.9,7.33,15.875
2020-08-14,1.051,0.053,1.1842,-13.625,21.375,7.3076,15.83
2020-08-17,1.0231,0.026,1.187,-12.5,21.375,7.31,15.75
2020-08-18,0.9897,0.0105,1.1931,-12.125,21.375,7.11,15.6
2020-08-19,1.0177,0.006,1.1838,-10.5,21.25,7.21,15.675
2020-08-20,0.9883,-0.017,1.186,-9.75,21.125,7.112,15.6
2020-08-21,0.9668,-0.0129,1.1797,-9.5,21.125,6.8,15.29
2020-08-24,0.9795,-0.0015,1.1788,-9.25,20.5,6.9,15.4
2020-08-25,1.0295,0.051,1.1835,-9.875,20.125,6.6,15.075
2020-08-26,1.0541,0.0689,1.183,-10.875,20.125,6.1,14.6
2020-08-27,1.1445,0.106,1.1822,-11.125,20.3,6.335,14.925
2020-08-28,1.1257,0.12,1.1903,-11.625,20.25,6.1,14.6
2020-08-31,1.0966,0.11,1.1936,-11.625,20.13,5.81,14.6
2020-09-01,1.0484,0.099,1.1912,-11,20.125,5.812,14.35
2020-09-02,1.0227,0.0465,1.1855,-10.25,19.55,6.4,14.95
2020-09-03,1.0056,0.017,1.1852,-9.125,19.625,6.6,15.1
2020-09-04,1.0952,0.05,1.1838,-8.5,19.05,6.7,15.175
2020-09-07,1.0947,0.0555,1.1817,-8.5,19.125,6.506,15.025
2020-09-08,1.0421,0.026,1.1778,-9.25,19,6.5,14.93
2020-09-09,1.0778,0.062,1.1803,-9.375,18.45,6.205,14.56
2020-09-10,1.0535,0.0642,1.1815,-9.5,18.7,6.2,14.56
2020-09-11,1.0513,0.0265,1.1846,-10.5,18,6.3,14.675
2020-09-14,1.0544,0.0283,1.1866,-11.5,17.63,6.6,14.975
2020-09-15,1.0739,0.0245,1.1847,-11.125,17.25,6.9,15.26
2020-09-16,1.0937,0.019,1.1816,-11.125,17.25,7.05,15.54
2020-09-17,1.0773,0.003,1.1848,-11.875,16.88,7.151,15.665
2020-09-18,1.093,0.013,1.184,-11.25,17.375,7,15.5
2020-09-21,1.0517,-0.0182,1.1771,-11.25,17.05,7.2,15.65
2020-09-22,1.0642,0.0015,1.1708,-12.75,16.75,7.2,15.65
2020-09-23,1.0662,0.005,1.166,-12,16.38,7.1,15.575
2020-09-24,1.0682,-0.004,1.1672,-10.875,16.3,7.1,15.62
2020-09-25,1.069,-0.033,1.1631,-10.875,16.25,6.933,15.5
2020-09-28,1.089,-0.0217,1.1666,-11.75,16.375,6.98,15.5
2020-09-29,1.082,-0.0388,1.1744,-12,16.375,6.913,15.475
2020-09-30,1.1178,-0.009,1.1721,-11.5,16.6,7.1,15.575
2020-10-01,1.1087,-0.005,1.1748,-11.25,17,7.08,15.575
2020-10-02,1.1281,-0.005,1.1716,-10.625,17.375,6.96,15.56
2020-10-05,1.2167,0.015,1.1783,-10.75,17.375,6.84,15.45
2020-10-06,1.1749,0.019,1.1734,-10.375,18.75,6.88,15.33
2020-10-07,1.2295,0.03,1.1763,-11.125,19.25,6.4,14.9
2020-10-08,1.2396,0.0137,1.1759,-10.875,19,6.51,14.89
2020-10-09,1.2291,0.024,1.1826,-10.75,18.75,6.25,14.75
2020-10-12,1.2289,0.011,1.1813,-10.625,18.75,6.21,14.7
2020-10-13,1.1803,-0.008,1.1746,-10.25,19.5,6.33,14.8
2020-10-14,1.1705,-0.035,1.1746,-9.75,19.375,6.1855,14.775
2020-10-15,1.1764,-0.07,1.1708,-9.75,19.385,6.6,14.97
2020-10-16,1.1798,-0.0781,1.1718,-9.625,18.13,6.82,15.275
2020-10-19,1.2115,-0.073,1.1769,-10,19,6.65,15.13
2020-10-20,1.2421,-0.041,1.1822,-9.5,19.13,6.52,15
2020-10-21,1.2901,-0.028,1.1861,-9.25,19.672,6.2,14.78
2020-10-22,1.328,0.0002,1.1818,-10.125,19.685,6.115,14.55
2020-10-23,1.2995,-0.0069,1.186,-10.875,19.505,5.75,14.275
2020-10-26,1.2552,-0.0138,1.181,-11,19.5,5.94,14.54
2020-10-27,1.214,-0.052,1.1796,-11,19.38,5.56,14.1
2020-10-28,1.2129,-0.0688,1.1746,-10.125,19,5.77,14.21
2020-10-29,1.2564,-0.0509,1.1674,-9.125,19.2,5.5,13.99
2020-10-30,1.3129,-0.054,1.1647,-8,19.275,4.92,13.39
2020-11-02,1.2594,-0.043,1.1641,-8.625,19.1,4.8,13.275
2020-11-03,1.3255,-0.026,1.1715,-8.5,18.875,4.6,13.15
2020-11-04,1.2148,-0.038,1.1726,-7.75,18.885,4.8,13.42
2020-11-05,1.2007,-0.038,1.1826,-7.75,18.625,4.78,13.3
2020-11-06,1.272,-0.011,1.1874,-7.875,18.5,4.7,13.27
2020-11-09,1.3703,0.0765,1.1813,-8.875,18.7,4.175,13.01
2020-11-10,1.4006,0.0992,1.1815,-9.125,18.75,3.815,12.53
2020-11-11,1.396,0.0862,1.1777,-8.75,18.75,3.81,12.3
2020-11-12,1.3005,0.052,1.1806,-7.875,18.88,3.795,12.37
2020-11-13,1.3146,0.045,1.1834,-5.875,18.875,3.8,12.2
2020-11-16,1.3395,0.038,1.1852,-8.375,18.885,3.603,12.1
2020-11-17,1.2786,0.025,1.1862,-9.125,18.7,3.295,11.99
2020-11-18,1.2862,0.03,1.1853,-10,18.6,3.1,11.575
